﻿"Device ID","Device name","Managed by","Ownership","Compliance","OS version","Last check-in","Category","Model","Security patch level"
"82ba20c4-e6fc-4b8b-815e-e4bd01aca8ae","24222524701299","Intune","Corporate","Noncompliant","13","2025-11-20 21:05:23.0000000","BackStock","HC50","2024-02-01"
"e52ad1ea-ddf3-4626-9d84-f292d09c0cf2","24286524703602","Intune","Corporate","Noncompliant","13","2025-11-21 14:34:38.2050000","BackStock","HC50","2024-08-01"
"25641bbf-81db-4ec8-af77-b89259d0dd93","24286524701066","Intune","Corporate","Noncompliant","13","2025-10-08 04:06:40.0000000","BackStock","HC50","2024-08-01"
"2c5dc5af-0e61-4e89-a207-071c6d168dde","24280524700381","Intune","Corporate","Noncompliant","13","2025-11-21 20:49:11.1450000","BackStock","HC50","2024-08-01"
"7ae699c4-328f-482e-af67-004268cda64f","24286524701092","Intune","Corporate","Noncompliant","13","2025-11-17 20:27:19.0000000","BackStock","HC50","2024-08-01"
"84e25117-af3e-46d8-a920-d769ca05c8d4","24285524703516","Intune","Corporate","Noncompliant","13","2025-11-17 20:27:00.0000000","BackStock","HC50","2024-08-01"
"4b067b01-696f-4457-82e9-3c9b96229a8f","24286524701090","Intune","Corporate","Noncompliant","13","2025-11-21 14:34:52.2690000","BackStock","HC50","2024-08-01"
"8f1b8238-f43e-4af7-ae9f-fe5f03aa14d6","24280524701075","Intune","Corporate","Compliant","13","2025-11-22 14:37:05.0000000","BackStock","HC50","2024-08-01"
"f0773c12-28af-438d-a26d-d8815f6392e9","24220524701181","Intune","Corporate","Noncompliant","13","2025-01-03 19:55:27.0000000","BackStock","HC50","2024-02-01"
"6d5766de-1c5f-4b3f-8a18-60975921cb0a","24222524700611","Intune","Corporate","Noncompliant","13","2025-01-02 19:56:21.0000000","BackStock","HC50","2024-02-01"
"68920077-2844-42fb-bfab-daa02343ff7b","24220524701265","Intune","Corporate","Noncompliant","13","2025-01-02 15:41:41.0000000","BackStock","HC50","2024-02-01"
"e085ffd8-bb67-4ef8-82a9-3003e240b2a5","24222524700800","Intune","Corporate","Noncompliant","13","2025-01-02 19:12:04.0000000","BackStock","HC50","2024-02-01"
"da19213b-89be-47ba-b427-219bdab27859","KD9HVHLXL2","Intune","Corporate","Noncompliant","17.6.1","2025-03-18 10:35:00.0000000","BackStock","iPhone SE (3rd generation)",""
"a6f7f560-ccc4-4cb2-9575-6c3c8eb1d575","24280524701820","Intune","Corporate","Noncompliant","13","2025-01-13 23:02:15.0000000","BackStock","HC50","2024-08-01"
"84461d29-4a98-4645-bef9-b017c544cf0a","24280524701389","Intune","Corporate","Noncompliant","13","2025-01-07 19:00:32.0000000","BackStock","HC50","2024-08-01"
"19bedbd6-b750-41b5-9aea-505b189dbe08","24280524701221","Intune","Corporate","Noncompliant","13","2025-01-07 20:01:42.0000000","BackStock","HC50","2024-08-01"
"1da80caf-e7ce-4459-b902-710625692883","24222524700806","Intune","Corporate","Noncompliant","13","2025-02-10 15:17:57.0000000","BackStock","HC50","2024-02-01"
"563a0c42-758d-4000-95a6-752f448ddaee","24220524700949","Intune","Corporate","Noncompliant","13","2025-01-03 20:28:30.0000000","BackStock","HC50","2024-02-01"
"bf7ee115-eee7-4469-961e-3bdfc0aba627","24222524700691","Intune","Corporate","Noncompliant","13","2025-01-15 20:16:36.0000000","BackStock","HC50","2024-02-01"
"e6f350b4-086e-4764-9336-7ffed4c9b303","24285524703957","Intune","Corporate","Noncompliant","13","2025-02-12 09:57:30.0000000","BackStock","HC50","2024-08-01"
"e4b91be7-ca43-4a6b-a0a9-4dd2831f4103","24220524700943","Intune","Corporate","Noncompliant","13","2025-01-02 16:03:34.0000000","BackStock","HC50","2024-02-01"
"4b79dbd3-b4b2-4022-b7de-d49eae37150e","24220524700970","Intune","Corporate","Noncompliant","13","2025-01-07 21:08:40.0000000","BackStock","HC50","2024-02-01"
"0980aac4-b358-4f54-b586-d65f1f6d95cf","24220524700667","Intune","Corporate","Noncompliant","13","2025-01-08 15:10:13.0000000","BackStock","HC50","2024-02-01"
"a53861a1-3eb2-4dac-8db8-9fa26fd61602","24222524700903","Intune","Corporate","Noncompliant","13","2025-01-15 19:03:19.0000000","BackStock","HC50","2024-02-01"
"881c3011-8005-4fe5-b4f8-8948db6aed34","LY5C6L3056","Intune","Corporate","Noncompliant","17.6.1","2025-03-18 16:56:50.0000000","BackStock","iPhone SE (3rd generation)",""
"b488411d-fadd-472e-800b-e8598380ff47","24280524701014","Intune","Corporate","Noncompliant","13","2025-01-10 14:48:00.0000000","BackStock","HC50","2024-08-01"
"83e0209b-0e6a-4fbe-bf52-c80b6b4df192","24298524701262","Intune","Corporate","Noncompliant","13","2025-01-15 21:31:42.0000000","BackStock","HC50","2024-08-01"
"778b9aa1-7384-4e32-9435-7dd2f360d297","24280524700911","Intune","Corporate","Noncompliant","13","2025-01-07 16:02:48.0000000","BackStock","HC50","2024-08-01"
"cf0bf553-97a6-4e57-83e3-421dfffd5eb4","24280524700936","Intune","Corporate","Noncompliant","13","2025-01-07 16:02:22.0000000","BackStock","HC50","2024-08-01"
"1edff25e-bf2a-418d-b441-ecf000932619","24220524701151","Intune","Corporate","Noncompliant","13","2025-01-13 16:42:50.0000000","BackStock","HC50","2024-02-01"
"86d04aa4-391e-4f11-b01a-eaa4b27c0f69","24220524700998","Intune","Corporate","Noncompliant","13","2025-01-16 15:29:00.0000000","BackStock","HC50","2024-02-01"
"5ac0ac64-ef15-46c6-abf6-418760f208aa","24222524700999","Intune","Corporate","Noncompliant","13","2025-01-02 11:44:57.0000000","BackStock","HC50","2024-02-01"
"9379cd5e-e6ef-426a-90df-6dc52f72cd0a","24222524700749","Intune","Corporate","Noncompliant","13","2025-01-02 19:57:05.0000000","BackStock","HC50","2024-02-01"
"928ed687-394f-4758-9a5f-1b5b9d473643","24222524701229","Intune","Corporate","Noncompliant","13","2025-01-02 19:15:37.0000000","BackStock","HC50","2024-02-01"
"a275b291-e38a-4725-868d-9831b5ed47d7","24222524700981","Intune","Corporate","Noncompliant","13","2025-01-15 21:54:03.0000000","BackStock","HC50","2024-02-01"
"44e8e824-d5c4-4515-9bb7-4fd14ef2e1bc","24280524701854","Intune","Corporate","Noncompliant","13","2025-02-04 14:28:38.0000000","BackStock","HC50","2024-08-01"
"79006042-ac0b-42d3-8e1f-fffce4e2152b","24285524702879","Intune","Corporate","Noncompliant","13","2025-01-13 21:44:32.0000000","BackStock","HC50","2024-08-01"
"b407f3ca-3c19-46ab-a261-9363dbe3d90f","24222524701196","Intune","Corporate","Noncompliant","13","2025-01-15 22:06:32.0000000","BackStock","HC50","2024-02-01"
"9b59b062-8471-4ea5-8097-ea2ef5f2fa3c","24222524700746","Intune","Corporate","Noncompliant","13","2025-01-15 21:14:49.0000000","BackStock","HC50","2024-02-01"
"f2aaf719-0735-492a-b77d-860748332897","24220524701200","Intune","Corporate","Noncompliant","13","2025-01-15 21:32:10.0000000","BackStock","HC50","2024-02-01"
"670e5d25-8d17-4b1e-8309-3a1aae074ff8","24298524701257","Intune","Corporate","Noncompliant","13","2025-02-10 20:45:58.0000000","BackStock","HC50","2024-08-01"
"d2081853-e664-481e-89f5-72214aad6e91","24280524701436","Intune","Corporate","Noncompliant","13","2025-01-15 22:14:11.0000000","BackStock","HC50","2024-08-01"
"ad86b574-ec10-4d33-9eb1-869b334d8153","24280524701041","Intune","Corporate","Noncompliant","13","2025-01-07 19:01:57.0000000","BackStock","HC50","2024-08-01"
"32bfdd16-d80e-4f1d-bee1-374bd73aab9e","24222524700702","Intune","Corporate","Noncompliant","13","2025-01-02 19:39:04.0000000","BackStock","HC50","2024-02-01"
"fdfa27fe-01b1-4440-ab1b-b6f21758cc5b","24222524701331","Intune","Corporate","Noncompliant","13","2025-02-01 02:39:08.0000000","BackStock","HC50","2024-02-01"
"dbb77ee5-e5d4-4b34-80ba-429791769f53","24222524701174","Intune","Corporate","Noncompliant","13","2025-02-11 05:45:34.0000000","BackStock","HC50","2024-02-01"
"bdc7762c-5ad1-4cd0-9b4e-0f60a30a408e","24285524704011","Intune","Corporate","Noncompliant","13","2025-02-06 08:21:45.0000000","BackStock","HC50","2024-08-01"
"3efa08a6-38e4-4699-a1db-736ee8fdc365","24280524701717","Intune","Corporate","Noncompliant","13","2025-01-07 20:03:49.0000000","BackStock","HC50","2024-08-01"
"403c2ae3-6c62-451a-b8e7-01f7bcf93acf","24280524700928","Intune","Corporate","Noncompliant","13","2025-01-07 16:02:20.0000000","BackStock","HC50","2024-08-01"
"c4f24ef6-ba21-4255-b8b9-5a13705d51ed","24220524700643","Intune","Corporate","Noncompliant","13","2025-01-02 15:09:50.0000000","BackStock","HC50","2024-02-01"
"04a5ac20-3d1d-456a-be17-445fade7bebc","24220524701341","Intune","Corporate","Noncompliant","13","2025-01-02 15:22:37.0000000","BackStock","HC50","2024-02-01"
"134bb6fd-d810-4423-9efc-af865e7b4631","IOS-F2YKCDQ79J","Intune","Corporate","Noncompliant","18.0.1","2025-01-20 13:49:58.0000000","BackStock","iPhone 15",""
"9c79509e-11f4-4d55-9790-a2c0b5c945da","24280524701396","Intune","Corporate","Noncompliant","13","2025-01-07 19:03:27.0000000","BackStock","HC50","2024-08-01"
"636786d8-0aed-4530-b5fc-bc939418a2a7","FFNFQS54PLJM","Intune","Corporate","Noncompliant","18.1.1","2025-03-03 21:36:22.0000000","BackStock","iPhone SE (2nd generation)",""
"ddd79733-cfc8-4516-9b04-1840d5f1c1b5","24222524700900","Intune","Corporate","Noncompliant","13","2025-01-02 19:31:01.0000000","BackStock","HC50","2024-02-01"
"2a7d9d88-0942-4dba-a248-48e37257c35b","24280524700891","Intune","Corporate","Noncompliant","13","2025-01-07 16:01:20.0000000","BackStock","HC50","2024-08-01"
"aaea8d89-9e72-4374-b5b6-197b96eacc4b","FFNFQJTNPLJM","Intune","Corporate","Noncompliant","17.6.1","2025-03-16 01:56:26.0000000","BackStock","iPhone SE (2nd generation)",""
"14c5729a-8d66-47e8-8409-98dd9cb542cd","24280524701931","Intune","Corporate","Noncompliant","13","2025-01-10 14:29:53.0000000","BackStock","HC50","2024-08-01"
"bf8505e6-e93a-41e2-becd-5599a52372cf","24293524701635","Intune","Corporate","Noncompliant","13","2025-02-11 21:03:25.0000000","BackStock","HC50","2024-08-01"
"c1efda9b-234f-41a0-a94e-baef8e0cf314","24280524700274","Intune","Corporate","Noncompliant","13","2025-02-11 21:02:33.0000000","BackStock","HC50","2024-08-01"
"0c084b25-0a8f-41ea-9cc4-3ba53c679489","24286524703733","Intune","Corporate","Noncompliant","13","2025-01-15 21:35:18.0000000","BackStock","HC50","2024-08-01"
"d8216bb8-b680-4b48-b481-ad1f9dc97ad0","24222524700867","Intune","Corporate","Noncompliant","13","2025-01-15 19:03:09.0000000","BackStock","HC50","2024-02-01"
"b9be8474-7b84-4ab1-bf85-945a7df9054e","24285524703946","Intune","Corporate","Noncompliant","13","2025-02-08 09:22:22.0000000","BackStock","HC50","2024-08-01"
"c6dda24f-3de6-4629-95ff-75de1834c569","24220524701250","Intune","Corporate","Noncompliant","13","2025-01-02 14:25:38.0000000","BackStock","HC50","2024-02-01"
"d573bc44-2a61-40f5-ae5a-2c0e40f31399","24280524701659","Intune","Corporate","Noncompliant","13","2025-01-07 19:00:21.0000000","BackStock","HC50","2024-08-01"
"c57a1234-f0af-49c0-a06d-2d008851881b","24286524703747","Intune","Corporate","Noncompliant","13","2025-02-04 15:26:20.0000000","BackStock","HC50","2024-08-01"
"3421aa6c-4cb3-4284-91cf-a661a0e4a025","24280524701582","Intune","Corporate","Noncompliant","13","2025-01-07 19:58:50.0000000","BackStock","HC50","2024-08-01"
"bcf3557b-153a-4501-863f-a2a5e432b6a3","24280524700918","Intune","Corporate","Noncompliant","13","2025-01-07 16:17:51.0000000","BackStock","HC50","2024-08-01"
"88ce2ae7-959f-4464-88d0-98b2523dbd22","24280524700922","Intune","Corporate","Noncompliant","13","2025-01-07 16:01:25.0000000","BackStock","HC50","2024-08-01"
"602bc1fa-c70a-4635-b548-d1b0a8f6a2c4","JCR979H4RH","Intune","Corporate","Noncompliant","18.1.1","2025-03-04 04:14:17.0000000","BackStock","iPhone SE (3rd generation)",""
"905a1f06-0219-4fc2-9527-7670c650a444","FFPFQ7E3PLJM","Intune","Corporate","Noncompliant","18.1.1","2025-03-04 03:04:27.0000000","BackStock","iPhone SE (2nd generation)",""
"341d1136-6121-48cc-af78-a5ee30d773ea","24222524700974","Intune","Corporate","Noncompliant","13","2025-01-02 19:53:50.0000000","BackStock","HC50","2024-02-01"
"3b930e0d-8b13-4eeb-8e02-c334fe930d29","FNX226J5GQ","Intune","Corporate","Noncompliant","18.1.1","2025-03-03 20:16:25.0000000","BackStock","iPhone SE (3rd generation)",""
"2fb9ff45-896e-4a5b-8031-bcfcabec1667","24222524700747","Intune","Corporate","Noncompliant","13","2025-01-15 20:21:01.0000000","BackStock","HC50","2024-02-01"
"f8bebd15-2a32-4132-9028-3e89fb0a4965","24222524701330","Intune","Corporate","Noncompliant","13","2025-01-02 19:13:26.0000000","BackStock","HC50","2024-02-01"
"9ba15458-f58d-401b-aabe-c365ef5b629f","24220524701203","Intune","Corporate","Noncompliant","13","2025-01-02 14:17:28.0000000","BackStock","HC50","2024-02-01"
"cfa0e340-e38b-457a-a3f9-b608606cb345","FFPFQ22APLJM","Intune","Corporate","Noncompliant","17.6.1","2025-03-16 04:08:55.0000000","BackStock","iPhone SE (2nd generation)",""
"e22043cf-366b-4c72-9ced-64831005b73f","24220524701382","Intune","Corporate","Noncompliant","13","2025-01-15 21:06:56.0000000","BackStock","HC50","2024-02-01"
"9eabc22a-a925-4f43-91b1-14402650998f","24222524701172","Intune","Corporate","Noncompliant","13","2025-01-02 19:44:17.0000000","BackStock","HC50","2024-02-01"
"5a869217-a57d-4361-9cc7-b986152e644a","FFNFQHRSPLJM","Intune","Corporate","Noncompliant","18.1.1","2025-03-13 09:41:04.0000000","BackStock","iPhone SE (2nd generation)",""
"95635133-932d-4bb6-8349-e360aa88848d","FFPFQ1Y6PLJM","Intune","Corporate","Noncompliant","18.1.1","2025-03-03 21:22:20.0000000","BackStock","iPhone SE (2nd generation)",""
"d2dc5190-e207-457c-9020-211ec8ba8150","24286524703730","Intune","Corporate","Noncompliant","13","2025-02-10 22:01:15.0000000","BackStock","HC50","2024-08-01"
"ba43a57e-4240-46c0-8a5c-74ea162d4d65","24298524701334","Intune","Corporate","Noncompliant","13","2025-01-15 21:35:24.0000000","BackStock","HC50","2024-08-01"
"2f7e7026-0548-4c29-a8a5-1f716fa03214","24280524700937","Intune","Corporate","Noncompliant","13","2025-01-07 16:20:18.0000000","BackStock","HC50","2024-08-01"
"4b795476-9610-4228-92d3-c53e4b89fe88","24280524700366","Intune","Corporate","Noncompliant","13","2025-01-13 16:25:11.0000000","BackStock","HC50","2024-08-01"
"cad8895f-4022-49c1-b3d1-6a77df191013","FFPFQ5SJPLJM","Intune","Corporate","Noncompliant","18.1.1","2025-02-28 16:31:31.0000000","BackStock","iPhone SE (2nd generation)",""
"7dac1d7d-96f3-4b4e-abd6-da7df546f1ea","24280524700848","Intune","Corporate","Noncompliant","13","2025-01-07 16:02:40.0000000","BackStock","HC50","2024-08-01"
"ebdcfa36-6316-4c72-976f-4a63d60e57ea","FFPFQ7FZPLJM","Intune","Corporate","Noncompliant","18.1.1","2025-03-03 22:10:44.0000000","BackStock","iPhone SE (2nd generation)",""
"f3472b0b-112c-422a-92b2-d52f376c1720","24220524700994","Intune","Corporate","Noncompliant","13","2025-01-02 20:04:10.0000000","BackStock","HC50","2024-02-01"
"ae9c85ae-6aa6-44ce-8bf4-932fd8b753ee","24220524701199","Intune","Corporate","Noncompliant","13","2025-01-15 15:20:08.0000000","BackStock","HC50","2024-02-01"
"fe64a429-bdf5-4544-a623-0c3185b97354","24220524701335","Intune","Corporate","Noncompliant","13","2025-01-03 20:21:45.0000000","BackStock","HC50","2024-02-01"
"e587ba77-617b-472a-a5cf-c48b098d563a","24222524700976","Intune","Corporate","Noncompliant","13","2025-01-16 16:19:50.0000000","BackStock","HC50","2024-02-01"
"2acc263c-81e3-468b-84ee-52fbc1826267","24222524700975","Intune","Corporate","Noncompliant","13","2025-01-15 19:03:06.0000000","BackStock","HC50","2024-02-01"
"3675b159-72a4-4e7a-81c4-023e9770b62f","24285524703951","Intune","Corporate","Noncompliant","13","2025-02-09 17:38:22.0000000","BackStock","HC50","2024-08-01"
"3a007da9-bb26-4f96-b763-c3bbfdb6344e","24222524700675","Intune","Corporate","Noncompliant","13","2025-01-15 21:35:31.0000000","BackStock","HC50","2024-02-01"
"56974888-72f8-4a06-b998-4fdaf2a2b4a0","24222524701263","Intune","Corporate","Noncompliant","13","2025-01-15 19:03:22.0000000","BackStock","HC50","2024-02-01"
"7f729cd9-086b-4f75-aa8d-b93c60ea03a7","24222524700789","Intune","Corporate","Noncompliant","13","2025-01-15 21:09:41.0000000","BackStock","HC50","2024-02-01"
"811c203b-8316-45cb-863a-c9247809f4b6","24222524701170","Intune","Corporate","Noncompliant","13","2025-01-02 15:44:34.0000000","BackStock","HC50","2024-02-01"
"d1fd04a6-d6f3-4fcc-958a-6d85720dd985","24280524700943","Intune","Corporate","Noncompliant","13","2025-01-07 20:31:28.0000000","BackStock","HC50","2024-08-01"
"0f974826-765e-4cae-acbe-7d477701d817","24280524700270","Intune","Corporate","Noncompliant","13","2025-02-11 21:02:05.0000000","BackStock","HC50","2024-08-01"
"af2a3296-4bea-4dbc-8686-f3caa85934a6","24285524703701","Intune","Corporate","Noncompliant","13","2025-02-04 13:32:01.0000000","BackStock","HC50","2024-08-01"
"f32d7fc3-bf99-4583-a35d-06bcc32a92ac","24293524701568","Intune","Corporate","Noncompliant","13","2025-01-15 21:40:33.0000000","BackStock","HC50","2024-08-01"
"961a81ec-6354-4fe5-93b1-06d0afa979e4","24280524701255","Intune","Corporate","Noncompliant","13","2025-01-07 20:33:42.0000000","BackStock","HC50","2024-08-01"
"497048db-10ce-4d46-935a-bdb6fe30305b","24280524700516","Intune","Corporate","Noncompliant","13","2025-01-08 20:13:29.0000000","BackStock","HC50","2024-08-01"
"cb8462dd-12a9-4306-a235-1c871e41a202","24220524701144","Intune","Corporate","Noncompliant","13","2025-01-02 20:03:00.0000000","BackStock","HC50","2024-02-01"
"43e86e25-5630-4794-ad72-38e46525f4b3","24220524701174","Intune","Corporate","Noncompliant","13","2025-01-02 14:30:47.0000000","BackStock","HC50","2024-02-01"
"f83fa92f-d1e9-4072-9568-f1e94b3e45cd","FFPFQ0L5PLJM","Intune","Corporate","Noncompliant","18.1.1","2025-03-04 01:48:21.0000000","BackStock","iPhone SE (2nd generation)",""
"f9ffd452-f839-4808-8844-e4ed7d30f4b7","24280524701213","Intune","Corporate","Noncompliant","13","2025-02-01 13:04:01.0000000","BackStock","HC50","2024-08-01"
"74afb6c9-425c-49c1-b29b-53e3bfb33127","24280524701510","Intune","Corporate","Noncompliant","13","2025-01-07 20:11:51.0000000","BackStock","HC50","2024-08-01"
"f826d158-e43e-42bb-949d-d14982523424","24280524700735","Intune","Corporate","Noncompliant","13","2025-01-28 04:38:19.0000000","BackStock","HC50","2024-08-01"
"1b3d8758-f8dc-4848-9370-c0c7d56b77d3","24220524701412","Intune","Corporate","Noncompliant","13","2025-01-02 16:06:16.0000000","BackStock","HC50","2024-02-01"
"bb0120b6-62e6-4899-955d-12354c673adc","24280524700939","Intune","Corporate","Noncompliant","13","2025-01-07 16:11:30.0000000","BackStock","HC50","2024-08-01"
"f01f2d33-31f9-4c58-8033-4b82f19f849e","24280524701672","Intune","Corporate","Noncompliant","13","2025-01-07 20:08:03.0000000","BackStock","HC50","2024-08-01"
"fab3af06-f4b6-481d-9604-bbd124347395","24280524700459","Intune","Corporate","Noncompliant","13","2025-02-11 11:33:44.0000000","BackStock","HC50","2024-08-01"
"aae47b38-0e46-4b5b-b634-d666f41c34de","24280524701834","Intune","Corporate","Noncompliant","13","2025-01-10 14:29:54.0000000","BackStock","HC50","2024-08-01"
"4ba5ad72-3f68-4848-9d36-9ce0b0a7c0d4","24220524701328","Intune","Corporate","Noncompliant","13","2025-01-03 19:16:28.0000000","BackStock","HC50","2024-02-01"
"6f0799c8-df29-4424-8f69-28c20d2c860f","24298524701270","Intune","Corporate","Noncompliant","13","2025-01-15 19:49:44.0000000","BackStock","HC50","2024-08-01"
"35b397f4-7b7a-455f-9f54-8a530eee3b78","24222524701186","Intune","Corporate","Noncompliant","13","2025-02-03 14:13:47.0000000","BackStock","HC50","2024-02-01"
"3cd6b232-d1fc-4e39-85ca-9a0c95516e2d","24280524700913","Intune","Corporate","Noncompliant","13","2025-01-07 16:32:48.0000000","BackStock","HC50","2024-08-01"
"63945964-27e9-4dd9-ad6d-1ffeeda1d5ca","24285524703948","Intune","Corporate","Noncompliant","13","2025-02-07 00:42:52.0000000","BackStock","HC50","2024-08-01"
"081e402a-7015-4cd9-bf6b-3da6f0c15ba0","24220524701125","Intune","Corporate","Noncompliant","13","2025-01-15 21:35:12.0000000","BackStock","HC50","2024-02-01"
"1c8a158b-21c7-427b-9fb4-707e1554ada4","24285524702780","Intune","Corporate","Noncompliant","13","2025-01-09 19:42:27.0000000","BackStock","HC50","2024-08-01"
"e26aa4ec-4b76-4164-9ce3-d3653bd13484","24222524700683","Intune","Corporate","Noncompliant","13","2025-01-15 21:32:30.0000000","BackStock","HC50","2024-02-01"
"47418b6c-acb6-4062-9d5b-a712eb1cc5bf","24280524700893","Intune","Corporate","Noncompliant","13","2025-01-07 16:10:45.0000000","BackStock","HC50","2024-08-01"
"f594275c-f9e6-4569-868b-2949bd54dfd6","24280524700935","Intune","Corporate","Noncompliant","13","2025-01-07 16:02:20.0000000","BackStock","HC50","2024-08-01"
"a9abfa9f-dfcb-4438-8920-6c95879bc18b","24280524701674","Intune","Corporate","Noncompliant","13","2025-01-07 20:05:05.0000000","BackStock","HC50","2024-08-01"
"8bf6d0d2-f7d2-4da7-b9fb-e5283710ddfd","24280524701364","Intune","Corporate","Noncompliant","13","2025-04-05 09:06:52.0000000","BackStock","HC50","2024-08-01"
"f3db5bf4-5683-41e9-a3a5-413d2f3c5460","24280524701588","Intune","Corporate","Noncompliant","13","2025-01-07 20:24:08.0000000","BackStock","HC50","2024-08-01"
"18c9d934-f154-4c13-8b67-5b225fefce89","24222524700752","Intune","Corporate","Noncompliant","13","2025-01-15 20:13:32.0000000","BackStock","HC50","2024-02-01"
"b32a0217-c58a-465c-8e1c-b581a99b8c10","24285524703205","Intune","Corporate","Noncompliant","13","2025-01-09 19:53:44.0000000","BackStock","HC50","2024-08-01"
"4e679ab1-eb18-4e6f-a728-bd2775fe2ed2","24222524700899","Intune","Corporate","Noncompliant","13","2025-02-13 17:38:55.0000000","BackStock","HC50","2024-02-01"
"d1f3ae50-e891-4d4c-9db3-39eefc89afc4","24280524700917","Intune","Corporate","Noncompliant","13","2025-01-07 16:20:16.0000000","BackStock","HC50","2024-08-01"
"6fcb00c1-57bc-4fbf-bd37-8373b562893d","24298524701261","Intune","Corporate","Noncompliant","13","2025-02-06 08:21:55.0000000","BackStock","HC50","2024-08-01"
"251ea549-0ed5-4fe5-bf79-6537e4def7b9","24220524701197","Intune","Corporate","Noncompliant","13","2025-01-15 21:15:08.0000000","BackStock","HC50","2024-02-01"
"4ee48b6f-bfb3-49b5-bc34-c3a3f307164d","24280524701661","Intune","Corporate","Noncompliant","13","2025-01-07 20:06:22.0000000","BackStock","HC50","2024-08-01"
"294d71c3-e8c3-4c6a-9fe0-858c87437bf2","24298524701308","Intune","Corporate","Noncompliant","13","2025-01-15 22:06:25.0000000","BackStock","HC50","2024-08-01"
"0205206e-0167-4c86-8562-4cde89d25f31","24285524703779","Intune","Corporate","Noncompliant","13","2025-02-04 15:28:15.0000000","BackStock","HC50","2024-08-01"
"e05e4682-c375-4e80-ad8f-6d082df08c61","24222524701090","Intune","Corporate","Noncompliant","13","2025-01-02 19:44:17.0000000","BackStock","HC50","2024-02-01"
"6d8c3d98-46fe-4c99-b145-d4f18da9ecbd","FFPFQ5FQPLJM","Intune","Corporate","Noncompliant","18.1.1","2025-03-04 00:09:28.0000000","BackStock","iPhone SE (2nd generation)",""
"0c9b8f2f-3946-4168-bd2f-94f18af62bd3","24220524701334","Intune","Corporate","Noncompliant","13","2025-01-02 15:37:55.0000000","BackStock","HC50","2024-02-01"
"49effb24-6460-4409-a47c-49e59b594011","24280524700851","Intune","Corporate","Noncompliant","13","2025-01-07 16:12:26.0000000","BackStock","HC50","2024-08-01"
"4e3a9e13-81ca-45c4-9a02-08dee0af4da9","FFPFQ1F4PLJM","Intune","Corporate","Noncompliant","18.1.1","2025-03-04 03:26:22.0000000","BackStock","iPhone SE (2nd generation)",""
"990a72e6-d6e3-478f-a222-39b04bdb48a5","24222524700722","Intune","Corporate","Noncompliant","13","2025-01-02 19:45:32.0000000","BackStock","HC50","2024-02-01"
"49e6c68f-b392-4f3b-bc43-b7663f73802d","24220524701061","Intune","Corporate","Noncompliant","13","2025-01-15 21:08:31.0000000","BackStock","HC50","2024-02-01"
"13025668-8b51-452f-97e6-8b58c20b41b0","24280524700914","Intune","Corporate","Noncompliant","13","2025-01-07 16:10:42.0000000","BackStock","HC50","2024-08-01"
"232c5d24-52b7-45b4-bf81-0b569156fc30","24286524703604","Intune","Corporate","Noncompliant","13","2025-02-04 14:51:18.0000000","BackStock","HC50","2024-08-01"
"1d03f46d-578e-4f28-97e7-2d98244e8373","24280524701738","Intune","Corporate","Noncompliant","13","2025-01-07 19:56:14.0000000","BackStock","HC50","2024-08-01"
"ef891fa7-aec6-4175-a614-e86b15ab2292","IOS-DQFMQL523J","Intune","Corporate","Noncompliant","18.0.1","2025-02-24 17:18:01.0000000","BackStock","iPhone 15",""
"987e663e-2382-4a56-9995-49a571a1bf1b","FFPFQ1A8PLJM","Intune","Corporate","Noncompliant","18.1.1","2025-03-04 02:41:39.0000000","BackStock","iPhone SE (2nd generation)",""
"89705897-cad0-4571-838e-45fc176b09b5","24220524701038","Intune","Corporate","Noncompliant","13","2025-01-15 19:03:07.0000000","BackStock","HC50","2024-02-01"
"9b13a27d-3a53-4eb7-9101-e987fb05168a","24220524701054","Intune","Corporate","Noncompliant","13","2025-01-02 19:46:42.0000000","BackStock","HC50","2024-02-01"
"d0c248b9-5ed6-49ef-897f-1c514820fbf6","24220524701319","Intune","Corporate","Noncompliant","13","2025-01-02 15:23:52.0000000","BackStock","HC50","2024-02-01"
"7b72487b-f6b9-4193-bcab-bce6fa48de36","24220524701209","Intune","Corporate","Noncompliant","13","2025-01-02 14:55:27.0000000","BackStock","HC50","2024-02-01"
"5dbd9547-a90e-474b-ae47-0bca203f7154","24286524703614","Intune","Corporate","Noncompliant","13","2025-02-04 13:55:01.0000000","BackStock","HC50","2024-08-01"
"1d72b252-c539-4627-a25e-de0675f05df2","IOS-FX140C6NL4","Intune","Corporate","Noncompliant","18.0.1","2025-02-24 17:17:44.0000000","BackStock","iPhone 15",""
"0b77a8f7-e4d9-4164-a4bc-87e8d1730612","24293524702718","Intune","Corporate","Noncompliant","13","2025-01-15 19:02:54.0000000","BackStock","HC50","2024-08-01"
"46db2b8e-0dbe-4e37-8b55-5008a70e3f06","FFPFQ1S7PLJM","Intune","Corporate","Noncompliant","18.1.1","2025-03-04 04:56:13.0000000","BackStock","iPhone SE (2nd generation)",""
"7a7232df-5e07-40c4-8bfd-4604c2c03dad","24220524700913","Intune","Corporate","Noncompliant","13","2025-01-02 20:43:50.0000000","BackStock","HC50","2024-02-01"
"3ca08559-69cb-4837-a2c0-5dc6ab75e6c7","24222524700423","Intune","Corporate","Noncompliant","13","2025-01-15 21:03:32.0000000","BackStock","HC50","2024-02-01"
"459207d6-b064-4d28-9210-e85e5729f661","24222524701268","Intune","Corporate","Noncompliant","13","2025-01-15 21:57:45.0000000","BackStock","HC50","2024-02-01"
"a2cca390-0849-45db-8262-ccbdadaad104","24220524701301","Intune","Corporate","Noncompliant","13","2025-01-02 15:19:50.0000000","BackStock","HC50","2024-02-01"
